,MSA,msa name,CPOPARST,CPOPCRIM,AG_ARRST,AG_OFF,COVIND,VIOL,PROPERTY,MURDER,RAPE,ROBBERY,AGASSLT,BURGLRY,LARCENY,MVTHEFT,ARSON,2018 Real Gross Domentic Product Thousands of chained (2012) dollars
0,10180,"Abilene, TX (Metropolitan Statistical Area)",169917,169885,14,15,297.3475,614,4932,11,79,137,387,1104,3529,298,26,6848512
1,10420,"Akron, OH (Metropolitan Statistical Area)",703565,678320,37,35,199.4131,1839,17535,41,345,532,920,3892,12648,996,132,32913334
2,10500,"Albany, GA (Metropolitan Statistical Area)",149437,146438,18,13,399.3546,1098,5553,18,41,237,802,1415,3934,204,37,5324129
3,10540,"Albany-Lebanon, OR (Metropolitan Statistical Area)",129351,122030,6,6,100.0,140,3289,0,35,33,72,462,2569,258,26,4418178
4,10580,"Albany-Schenectady-Troy, NY (Metropolitan Statistical Area)",878166,878166,74,44,500.0,2559,17763,17,348,602,1591,2475,14564,722,62,52367071
5,10740,"Albuquerque, NM (Metropolitan Statistical Area)",907136,907140,17,19,399.6046,8316,48137,75,541,2169,5529,8673,30198,9265,241,38437949
6,10780,"Alexandria, LA (Metropolitan Statistical Area)",154032,152229,9,7,200.0,1414,7168,12,76,179,1147,1946,4740,482,6,5660047
7,10900,"Allentown-Bethlehem-Easton, PA-NJ (Metropolitan Statistical Area)",831770,831770,94,91,397.0894,1872,14183,22,159,486,1204,2206,11238,739,79,40516369
8,11020,"Altoona, PA (Metropolitan Statistical Area)",124942,124942,21,21,100.0,267,1697,1,40,46,180,238,1404,55,16,5354290
9,11100,"Amarillo, TX (Metropolitan Statistical Area)",263160,263223,11,13,500.0,1572,10406,14,194,269,1095,2013,7363,1030,36,12641168
10,11180,"Ames, IA (Metropolitan Statistical Area)",123877,117041,8,7,200.0,207,1732,1,52,18,136,306,1334,92,6,5782563
11,11260,"Anchorage, AK (Metropolitan Statistical Area)",315641,315641,5,5,200.0,3519,15626,28,548,709,2234,2070,11413,2143,71,22596350
12,11460,"Ann Arbor, MI (Metropolitan Statistical Area)",363507,361440,12,12,100.0,1150,5963,3,194,184,769,919,4606,438,52,21963864
13,11500,"Anniston-Oxford, AL (Metropolitan Statistical Area)",118768,114022,9,10,100.0,1023,3743,8,59,123,833,1263,2298,182,21,3950436
14,11540,"Appleton, WI (Metropolitan Statistical Area)",231457,234069,13,17,200.0,360,3123,5,63,31,261,403,2618,102,10,11806306
15,11700,"Asheville, NC (Metropolitan Statistical Area)",451293,449132,32,19,397.8682,1043,10062,22,94,235,692,2668,6710,683,30,17969864
16,12020,"Athens-Clarke County, GA (Metropolitan Statistical Area)",205001,205001,13,9,400.0,700,5757,6,79,176,439,1145,4300,312,20,8958759
17,12060,"Atlanta-Sandy Springs-Alpharetta, GA (Metropolitan Statistical Area)",5796001,5770825,204,172,2900.0,23239,172949,397,1388,8316,13138,33238,121142,18569,530,357295804
18,12100,"Atlantic City-Hammonton, NJ (Metropolitan Statistical Area)",272735,272735,22,21,100.0,984,6879,21,64,400,499,1336,5287,256,20,12863458
19,12220,"Auburn-Opelika, AL (Metropolitan Statistical Area)",154967,160071,3,5,100.0,916,4137,22,56,94,744,885,2959,293,27,6013577
20,12260,"Augusta-Richmond County, GA-SC (Metropolitan Statistical Area)",595180,594990,47,42,695.0663,2066,18890,43,224,507,1292,3683,14020,1187,22,24692547
21,12420,"Austin-Round Rock-Georgetown, TX (Metropolitan Statistical Area)",2054669,2054651,41,50,499.9412,6514,52541,70,1178,1411,3855,8688,40529,3323,157,134417634
22,12540,"Bakersfield, CA (Metropolitan Statistical Area)",884443,884443,18,15,100.0,5128,32570,88,307,1166,3567,8351,17742,6477,695,49864234
23,12580,"Baltimore-Columbia-Towson, MD (Metropolitan Statistical Area)",2797991,2797991,39,39,700.0,19817,77932,395,909,7715,10797,14976,54422,8534,567,137534673
24,12620,"Bangor, ME (Metropolitan Statistical Area)",152658,152658,19,18,100.0,146,2964,0,43,41,62,584,2296,84,7,6017850
25,12700,"Barnstable Town, MA (Metropolitan Statistical Area)",213081,213081,21,17,100.0,783,3335,1,74,35,673,852,2348,135,15,12459842
26,12940,"Baton Rouge, LA (Metropolitan Statistical Area)",855811,853657,35,31,991.7130000000001,4275,28567,79,282,1172,2742,6079,21065,1423,151,51576962
27,12980,"Battle Creek, MI (Metropolitan Statistical Area)",133874,133914,7,8,100.0,993,4116,7,178,87,721,1054,2903,159,28,5766360
28,13020,"Bay City, MI (Metropolitan Statistical Area)",105054,105209,7,8,100.0,392,1986,3,111,33,245,508,1390,88,16,3481282
29,13140,"Beaumont-Port Arthur, TX (Metropolitan Statistical Area)",394309,393788,19,19,300.0,2308,10954,27,169,573,1539,3016,7104,834,90,28245409
30,13220,"Beckley, WV (Metropolitan Statistical Area)",121928,116087,26,18,198.7912,495,3157,13,36,57,389,841,2169,147,14,3820100
31,13380,"Bellingham, WA (Metropolitan Statistical Area)",215331,215331,8,8,100.0,428,6731,4,114,67,243,1291,5037,403,31,13515737
32,13460,"Bend, OR (Metropolitan Statistical Area)",180071,180071,7,7,100.0,281,3936,2,54,30,195,440,3251,245,19,8195615
33,13740,"Billings, MT (Metropolitan Statistical Area)",178996,178996,9,9,295.7558,670,6232,3,89,92,486,931,4379,922,37,9747738
34,13780,"Binghamton, NY (Metropolitan Statistical Area)",242534,242534,21,12,200.0,703,5167,6,153,146,398,1065,3895,207,14,10842557
35,13820,"Birmingham-Hoover, AL (Metropolitan Statistical Area)",1081591,1081546,67,75,588.5061,7709,32477,113,436,1575,5585,8231,21312,2935,250,55907828
36,13900,"Bismarck, ND (Metropolitan Statistical Area)",125176,125176,7,7,300.0,297,3692,3,55,34,205,699,2548,445,17,6945666
37,13980,"Blacksburg-Christiansburg, VA (Metropolitan Statistical Area)",50546,50546,11,11,200.0,112,1105,2,33,9,68,161,912,31,6,7024848
38,14010,"Bloomington, IL (Metropolitan Statistical Area)",172991,172007,15,12,98.7355,497,2695,3,85,90,319,455,2147,94,17,11802499
39,14020,"Bloomington, IN (Metropolitan Statistical Area)",166354,145664,7,6,196.8944,491,3961,4,71,80,335,771,2947,243,19,6546261
40,14100,"Bloomsburg-Berwick, PA (Metropolitan Statistical Area)",84897,84139,33,29,199.7776,157,1085,0,28,10,119,148,919,18,10,4032645
41,14260,"Boise City, ID (Metropolitan Statistical Area)",693703,693703,15,15,500.0,1699,12285,19,349,103,1227,2194,9141,950,96,31118221
42,14460,"Boston-Cambridge-Newton, MA-NH (Metropolitan Statistical Area)",4798657,4704957,269,232,699.9335,15029,65925,88,1268,3399,10274,9507,51334,5084,208,412806742
43,14500,"Boulder, CO (Metropolitan Statistical Area)",336308,324108,8,8,100.0,776,7412,1,227,83,465,1029,5880,502,85,25319458
44,14540,"Bowling Green, KY (Metropolitan Statistical Area)",170204,170204,17,12,400.0,324,3799,8,95,93,126,743,2809,248,14,6346519
45,14740,"Bremerton-Silverdale-Port Orchard, WA (Metropolitan Statistical Area)",262877,262877,5,5,100.0,683,6981,1,115,93,474,1456,4987,538,29,11512963
46,14860,"Bridgeport-Stamford-Norwalk, CT (Metropolitan Statistical Area)",935988,935988,24,23,100.0,2157,13460,15,183,800,1159,2149,9712,1599,36,77951236
47,15180,"Brownsville-Harlingen, TX (Metropolitan Statistical Area)",423865,423865,22,20,100.0,1607,12101,8,201,224,1174,2116,9654,331,56,10011608
48,15260,"Brunswick, GA (Metropolitan Statistical Area)",116597,116597,13,10,300.0,434,3520,5,27,85,317,850,2470,200,11,3957832
49,15380,"Buffalo-Cheektowaga, NY (Metropolitan Statistical Area)",1126866,1127663,47,32,200.0,4632,27242,55,373,1561,2643,5206,20537,1499,303,60325836
50,15500,"Burlington, NC (Metropolitan Statistical Area)",159202,159667,9,8,100.0,625,3744,11,28,99,487,985,2570,189,8,5364474
51,15540,"Burlington-South Burlington, VT (Metropolitan Statistical Area)",217636,217636,19,19,294.2278,348,4213,7,77,35,229,608,3574,32,19,12355550
52,15680,"California-Lexington Park, MD (Metropolitan Statistical Area)",111930,111930,3,3,100.0,229,2082,2,28,32,167,413,1598,71,34,6611288
53,15940,"Canton-Massillon, OH (Metropolitan Statistical Area)",402240,342528,24,19,199.6651,1136,8937,13,172,264,687,1937,6525,475,52,18525360
54,15980,"Cape Coral-Fort Myers, FL (Metropolitan Statistical Area)",720949,720949,19,13,100.0,2562,11637,41,249,445,1827,2459,8359,819,67,27046186
55,16020,"Cape Girardeau, MO-IL (Metropolitan Statistical Area)",97631,97631,9,9,300.0,469,2345,6,21,72,370,396,1844,105,9,4012702
56,16060,"Carbondale-Marion, IL (Metropolitan Statistical Area)",138949,133815,19,15,278.9433,433,3168,4,68,59,302,717,2344,107,16,5828907
57,16180,"Carson City, NV (Metropolitan Statistical Area)",54605,54605,2,2,100.0,157,995,1,3,20,133,211,698,86,6,3661749
58,16220,"Casper, WY (Metropolitan Statistical Area)",82870,82870,4,4,100.0,168,2081,0,23,12,133,389,1535,157,9,5171022
59,16300,"Cedar Rapids, IA (Metropolitan Statistical Area)",267187,267187,12,12,223.9275,593,6976,5,104,116,368,1827,4678,471,29,17254840
60,16540,"Chambersburg-Waynesboro, PA (Metropolitan Statistical Area)",152854,153940,13,14,100.0,221,2281,13,52,56,100,444,1763,74,18,5583610
61,16580,"Champaign-Urbana, IL (Metropolitan Statistical Area)",226177,223285,19,14,200.0,1061,6076,11,131,215,703,1485,4361,231,33,10834225
62,16620,"Charleston, WV (Metropolitan Statistical Area)",268830,229745,54,35,489.5018,1422,8948,18,105,203,1096,2128,5881,939,59,12071441
63,16700,"Charleston-North Charleston, SC (Metropolitan Statistical Area)",762454,758911,45,41,300.0,3266,21916,72,266,680,2248,3775,16173,1968,62,37705478
64,16740,"Charlotte-Concord-Gastonia, NC-SC (Metropolitan Statistical Area)",2494611,2465721,99,73,1087.6093,10977,72786,144,573,2998,7262,14335,53815,4633,396,146863425
65,16820,"Charlottesville, VA (Metropolitan Statistical Area)",60042,60042,6,6,300.0,88,535,1,12,12,63,80,424,30,12,12197558
66,16860,"Chattanooga, TN-GA (Metropolitan Statistical Area)",550982,551407,35,34,600.0,2955,17741,31,208,491,2225,3105,12816,1820,54,27374396
67,16940,"Cheyenne, WY (Metropolitan Statistical Area)",97275,97275,3,3,100.0,245,2939,8,36,18,183,477,2204,258,7,5236630
68,16980,"Chicago-Naperville-Elgin, IL-IN-WI (Metropolitan Statistical Area)",9523254,9318155,374,365,1333.1348,41895,194415,969,3227,15759,21940,30970,145912,17532,1915,611510294
69,17020,"Chico, CA (Metropolitan Statistical Area)",224973,224973,13,10,100.0,790,7307,4,133,138,515,1755,4531,1021,213,9219915
70,17140,"Cincinnati, OH-KY-IN (Metropolitan Statistical Area)",2185763,2063946,152,130,1596.0012,5691,55206,109,965,2183,2432,11204,41130,2870,626,124974058
71,17300,"Clarksville, TN-KY (Metropolitan Statistical Area)",298338,298338,19,16,399.8982,1309,6604,23,138,203,944,1397,4846,361,21,11279276
72,17420,"Cleveland, TN (Metropolitan Statistical Area)",121862,121862,9,9,200.0,634,4110,4,26,65,539,812,2870,428,6,4700324
73,17460,"Cleveland-Elyria, OH (Metropolitan Statistical Area)",2059669,1788967,122,87,484.6393,8743,41568,178,784,3755,4025,10059,25985,5524,411,119323801
74,17660,"Coeur d'Alene, ID (Metropolitan Statistical Area)",153701,153701,5,5,100.0,357,3569,7,74,27,249,724,2641,203,32,5529281
75,17780,"College Station-Bryan, TX (Metropolitan Statistical Area)",252572,251188,11,10,300.0,833,5969,5,149,162,517,1108,4557,304,12,13107381
76,17820,"Colorado Springs, CO (Metropolitan Statistical Area)",707431,706773,13,12,200.0,2869,20177,31,576,488,1774,3253,14460,2464,152,34207318
77,17860,"Columbia, MO (Metropolitan Statistical Area)",204954,204954,14,15,299.8531,705,4677,6,134,143,422,802,3522,353,29,8827801
78,17900,"Columbia, SC (Metropolitan Statistical Area)",820037,820037,70,65,599.8196,4788,28533,58,397,811,3522,4938,20375,3220,103,38423394
79,17980,"Columbus, GA-AL (Metropolitan Statistical Area)",333157,326916,20,20,683.3333,1638,12106,35,126,588,889,2963,8020,1123,29,13455553
80,18020,"Columbus, IN (Metropolitan Statistical Area)",81492,81884,3,4,100.0,67,2511,0,21,20,26,326,2010,175,6,6363058
81,18140,"Columbus, OH (Metropolitan Statistical Area)",2043796,1922549,94,77,975.4696,5949,57704,118,1252,2554,2023,11774,41560,4366,492,114678432
82,18580,"Corpus Christi, TX (Metropolitan Statistical Area)",431198,430394,18,18,185.58,2877,15320,34,287,455,2101,3004,11497,819,66,21396047
83,18700,"Corvallis, OR (Metropolitan Statistical Area)",81194,88515,5,6,100.0,114,2262,1,36,14,63,289,1873,100,22,4705402
84,18880,"Crestview-Fort Walton Beach-Destin, FL (Metropolitan Statistical Area)",268298,267486,29,15,200.0,1023,6303,14,126,96,787,1184,4759,360,12,13026239
85,19060,"Cumberland, MD-WV (Metropolitan Statistical Area)",98752,93540,18,14,195.9523,302,2339,6,24,71,202,457,1826,55,25,3574363
86,19100,"Dallas-Fort Worth-Arlington, TX (Metropolitan Statistical Area)",7154901,7152238,160,194,1097.4311,25895,178065,367,3199,8956,13373,34546,124479,19040,793,468612708
87,19140,"Dalton, GA (Metropolitan Statistical Area)",143925,143286,9,7,200.0,587,3560,0,86,44,457,808,2431,321,17,6855858
88,19180,"Danville, IL (Metropolitan Statistical Area)",78439,77167,18,17,100.0,628,2721,7,63,98,460,913,1712,96,15,3285723
89,19300,"Daphne-Fairhope-Foley, AL (Metropolitan Statistical Area)",207584,207584,14,14,99.5843,443,4057,2,42,70,329,717,3139,201,16,5774289
90,19340,"Davenport-Moline-Rock Island, IA-IL (Metropolitan Statistical Area)",382743,378469,36,31,399.4579,1503,10491,12,186,238,1064,2207,7678,604,36,20545809
91,19430,"Dayton-Kettering, OH (Metropolitan Statistical Area)",798539,775579,43,43,299.9405,2552,22985,65,465,862,1159,5304,16007,1673,187,38699887
92,19460,"Decatur, AL (Metropolitan Statistical Area)",152171,151563,13,11,197.9336,350,3833,5,29,54,262,912,2676,244,15,5543293
93,19500,"Decatur, IL (Metropolitan Statistical Area)",106100,104998,9,8,100.0,436,2956,3,53,103,277,926,1929,100,23,6523486
94,19660,"Deltona-Daytona Beach-Ormond Beach, FL (Metropolitan Statistical Area)",631296,631296,39,26,200.0,2471,18058,19,168,369,1915,3102,13650,1306,58,18605390
95,19740,"Denver-Aurora-Lakewood, CO (Metropolitan Statistical Area)",2869086,2865404,55,55,960.7783,11124,84174,114,1960,2454,6596,12426,58525,13223,453,193176340
96,19780,"Des Moines-West Des Moines, IA (Metropolitan Statistical Area)",669534,669534,26,32,590.1226,2457,16333,27,288,392,1750,3689,11163,1481,95,44473061
97,19820,"Detroit-Warren-Dearborn, MI (Metropolitan Statistical Area)",4302703,4301540,150,154,600.0,23952,89967,390,2197,4648,16717,18942,56219,14806,982,238683615
98,20020,"Dothan, AL (Metropolitan Statistical Area)",149520,147958,18,19,295.5992,829,4242,10,74,95,649,1076,2884,281,50,5196826
99,20100,"Dover, DE (Metropolitan Statistical Area)",171031,175090,25,22,99.9099,829,4405,7,64,155,603,652,3585,168,168,6700040
100,20220,"Dubuque, IA (Metropolitan Statistical Area)",97872,97625,3,3,100.0,237,2088,2,58,28,149,485,1510,93,12,5194130
101,20260,"Duluth, MN-WI (Metropolitan Statistical Area)",289790,289790,26,26,400.0,617,8542,3,121,90,403,1332,6806,404,32,14259017
102,20500,"Durham-Chapel Hill, NC (Metropolitan Statistical Area)",615727,619655,32,22,494.6472,2714,15956,51,133,906,1624,4251,10791,914,49,48382789
103,20700,"East Stroudsburg, PA (Metropolitan Statistical Area)",165226,165226,12,12,100.0,416,3130,10,73,80,253,632,2403,95,21,5673380
104,20740,"Eau Claire, WI (Metropolitan Statistical Area)",166184,166178,11,12,200.0,231,2789,5,39,20,167,493,2187,109,6,8479745
105,20940,"El Centro, CA (Metropolitan Statistical Area)",180066,172682,12,9,100.0,676,5195,3,34,118,521,1165,3483,547,58,8038068
106,21060,"Elizabethtown-Fort Knox, KY (Metropolitan Statistical Area)",148206,148206,16,12,300.0,221,1590,6,62,54,98,448,1000,142,17,5393672
107,21140,"Elkhart-Goshen, IN (Metropolitan Statistical Area)",204759,91996,5,4,100.0,845,3677,19,52,121,653,733,2643,301,12,12038611
108,21300,"Elmira, NY (Metropolitan Statistical Area)",86124,86124,11,6,100.0,172,1894,3,28,38,103,270,1579,45,8,3625650
109,21340,"El Paso, TX (Metropolitan Statistical Area)",843018,841819,11,10,200.0,3059,14377,23,378,520,2138,1782,11666,929,66,29123960
110,21420,"Enid, OK (Metropolitan Statistical Area)",63828,63828,6,6,99.23100000000001,234,2223,2,35,27,170,534,1591,97,9,3391713
111,21500,"Erie, PA (Metropolitan Statistical Area)",276700,276700,21,21,100.0,614,5310,13,105,160,336,1064,4064,182,39,11200594
112,21660,"Eugene-Springfield, OR (Metropolitan Statistical Area)",367343,364131,11,10,100.0,1183,12177,7,185,208,783,2003,9142,1032,120,15067333
113,21780,"Evansville, IN-KY (Metropolitan Statistical Area)",315875,309352,12,10,384.1595,1128,8505,12,112,254,752,1575,6390,540,61,15931282
114,21820,"Fairbanks, AK (Metropolitan Statistical Area)",34657,34657,4,4,100.0,232,1517,7,35,32,158,173,1207,137,6,5654089
115,22020,"Fargo, ND-MN (Metropolitan Statistical Area)",234910,234910,9,9,200.0,638,5831,5,137,91,405,977,4357,497,32,13036045
116,22140,"Farmington, NM (Metropolitan Statistical Area)",116108,116108,4,4,91.2949,1124,3204,2,131,69,921,737,2185,282,29,5812050
117,22180,"Fayetteville, NC (Metropolitan Statistical Area)",509292,499374,22,14,250.5065,2250,15446,50,140,458,1603,3934,10851,661,111,19300168
118,22220,"Fayetteville-Springdale-Rogers, AR (Metropolitan Statistical Area)",500799,421511,29,27,300.0,1556,10039,10,328,105,1113,1827,7507,705,31,23485575
119,22380,"Flagstaff, AZ (Metropolitan Statistical Area)",137398,140312,6,7,100.0,516,4201,3,72,43,398,480,3616,105,52,6770442
120,22420,"Flint, MI (Metropolitan Statistical Area)",407809,407879,30,31,100.0,2662,9257,58,325,401,1878,2469,6160,628,106,13455676
121,22500,"Florence, SC (Metropolitan Statistical Area)",207007,205758,26,23,198.9948,1318,8817,14,102,223,979,2210,6053,553,19,9020378
122,22520,"Florence-Muscle Shoals, AL (Metropolitan Statistical Area)",146537,146260,16,15,183.0296,429,3196,4,42,72,311,640,2274,281,11,5222924
123,22540,"Fond du Lac, WI (Metropolitan Statistical Area)",98377,101860,8,9,100.0,186,1377,0,55,13,118,149,1180,48,3,4779555
124,22660,"Fort Collins, CO (Metropolitan Statistical Area)",334137,340447,6,8,100.0,721,7555,9,109,71,532,909,6260,386,42,16793330
125,22900,"Fort Smith, AR-OK (Metropolitan Statistical Area)",248365,247277,20,19,400.0,1344,8962,8,201,113,1022,1944,6427,591,36,8755121
126,23060,"Fort Wayne, IN (Metropolitan Statistical Area)",403594,380853,8,7,200.0,1251,10328,48,125,445,633,1985,7865,478,74,20927179
127,23420,"Fresno, CA (Metropolitan Statistical Area)",976874,976874,24,21,100.0,5981,31784,63,314,1413,4191,6883,19716,5185,474,43436946
128,23460,"Gadsden, AL (Metropolitan Statistical Area)",101666,100963,11,10,100.0,722,3651,6,62,77,577,700,2584,367,17,2803470
129,23540,"Gainesville, FL (Metropolitan Statistical Area)",320038,304139,43,22,300.0,1880,8519,5,224,278,1373,1521,6433,565,24,13934414
130,23580,"Gainesville, GA (Metropolitan Statistical Area)",193585,196154,8,6,100.0,887,9361,8,39,226,614,1156,7621,584,31,8764977
131,23900,"Gettysburg, PA (Metropolitan Statistical Area)",102165,102165,22,21,100.0,167,837,2,42,11,112,158,653,26,11,3487746
132,24020,"Glens Falls, NY (Metropolitan Statistical Area)",125674,125674,20,12,198.9555,207,1573,2,91,14,100,227,1326,21,6,5353166
133,24140,"Goldsboro, NC (Metropolitan Statistical Area)",124448,121551,10,3,100.0,538,3801,11,7,119,401,1212,2362,227,10,4714200
134,24220,"Grand Forks, ND-MN (Metropolitan Statistical Area)",101537,101537,9,9,200.0,245,2565,1,61,27,156,468,1924,173,6,5131517
135,24260,"Grand Island, NE (Metropolitan Statistical Area)",76362,69934,9,7,300.0,212,1813,1,37,20,154,287,1421,105,7,3824817
136,24300,"Grand Junction, CO (Metropolitan Statistical Area)",148848,147650,6,4,100.0,515,4540,8,119,46,342,655,3622,263,31,6253144
137,24340,"Grand Rapids-Kentwood, MI (Metropolitan Statistical Area)",1060277,1051831,33,32,400.0,3565,17023,24,872,530,2139,2954,13118,950,144,55249420
138,24420,"Grants Pass, OR (Metropolitan Statistical Area)",85644,85644,4,4,100.0,191,2480,2,23,35,131,405,1720,355,27,2554777
139,24500,"Great Falls, MT (Metropolitan Statistical Area)",82482,82482,2,2,100.0,193,3156,4,24,16,149,408,2510,238,11,3782722
140,24540,"Greeley, CO (Metropolitan Statistical Area)",284931,291675,23,27,98.9885,750,5870,4,124,75,546,1002,4221,647,38,20531235
141,24580,"Green Bay, WI (Metropolitan Statistical Area)",318224,289321,15,14,300.0,671,4495,9,123,80,459,775,3532,188,12,18580391
142,24660,"Greensboro-High Point, NC (Metropolitan Statistical Area)",765677,660143,28,23,292.0042,3106,19300,52,156,910,1987,4605,13596,1097,159,38305373
143,24780,"Greenville, NC (Metropolitan Statistical Area)",177483,174364,11,7,99.9222,719,5112,8,29,186,496,1386,3539,186,7,7778281
144,24860,"Greenville-Anderson, SC (Metropolitan Statistical Area)",894224,886845,53,50,400.0,4503,29649,61,445,636,3360,6220,20548,2881,133,41112812
145,25060,"Gulfport-Biloxi, MS (Metropolitan Statistical Area)",409854,383547,18,16,400.0,858,14268,25,134,260,439,2995,10363,910,62,17313082
146,25180,"Hagerstown-Martinsburg, MD-WV (Metropolitan Statistical Area)",279223,278127,21,17,300.0,712,5712,7,69,195,440,1379,3988,344,70,10398317
147,25220,"Hammond, LA (Metropolitan Statistical Area)",129819,125398,8,6,99.6493,1170,5469,17,72,195,886,1646,3458,365,12,3894065
148,25260,"Hanford-Corcoran, CA (Metropolitan Statistical Area)",149661,149661,10,8,100.0,639,3167,11,72,80,476,699,1931,537,21,5648724
149,25420,"Harrisburg-Carlisle, PA (Metropolitan Statistical Area)",567468,562918,64,59,299.3909,1441,8344,22,213,309,897,1540,6460,344,97,35904163
150,25500,"Harrisonburg, VA (Metropolitan Statistical Area)",0,0,0,0,0.0,0,0,0,0,0,0,0,0,0,0,6145145
151,25540,"Hartford-East Hartford-Middletown, CT (Metropolitan Statistical Area)",1019846,1019846,40,37,300.0,2449,22663,23,268,859,1299,3080,17164,2419,267,89532666
152,25620,"Hattiesburg, MS (Metropolitan Statistical Area)",169034,134938,10,3,84.5057,279,3822,9,23,66,181,819,2872,131,5,5938293
153,25860,"Hickory-Lenoir-Morganton, NC (Metropolitan Statistical Area)",361975,359105,30,22,398.906,854,9410,20,83,143,608,2695,6145,572,47,14034186
154,25940,"Hilton Head Island-Bluffton, SC (Metropolitan Statistical Area)",211852,211983,18,17,200.0,674,4647,17,80,144,433,905,3408,334,16,7472594
155,25980,"Hinesville, GA (Metropolitan Statistical Area)",80776,80776,7,6,200.0,357,1948,3,16,67,271,415,1453,80,6,3333311
156,26140,"Homosassa Springs, FL (Metropolitan Statistical Area)",141300,141300,11,5,100.0,338,1979,4,40,39,255,426,1443,110,8,3511018
157,26300,"Hot Springs, AR (Metropolitan Statistical Area)",97312,97312,2,2,100.0,636,4621,4,74,82,476,1891,2362,368,13,3051825
158,26380,"Houma-Thibodaux, LA (Metropolitan Statistical Area)",212402,212402,6,6,200.0,954,6693,19,61,114,760,1591,4871,231,23,9514424
159,26420,"Houston-The Woodlands-Sugar Land, TX (Metropolitan Statistical Area)",6789215,6788820,127,136,899.9184,39245,198326,486,2712,14630,21417,37198,138025,23103,1133,445048201
160,26580,"Huntington-Ashland, WV-KY-OH (Metropolitan Statistical Area)",364045,328000,56,41,689.7732,905,7449,8,140,176,580,1852,5179,417,31,15014247
161,26620,"Huntsville, AL (Metropolitan Statistical Area)",448879,448973,12,14,199.9016,2501,14340,22,239,505,1735,2733,10350,1257,51,24996057
162,26820,"Idaho Falls, ID (Metropolitan Statistical Area)",141859,141859,5,5,300.0,426,2226,1,48,18,359,599,1491,136,14,6428697
163,26900,"Indianapolis-Carmel-Anderson, IN (Metropolitan Statistical Area)",2005199,1776507,59,48,1081.9161,13615,57802,173,870,4263,8309,12309,39228,6262,293,124793415
164,26980,"Iowa City, IA (Metropolitan Statistical Area)",168989,169088,7,8,200.0,499,2933,0,129,71,299,528,2272,133,9,9537310
165,27060,"Ithaca, NY (Metropolitan Statistical Area)",104871,104871,12,9,39.2406,228,2386,3,72,39,114,307,2012,67,7,5412942
166,27100,"Jackson, MI (Metropolitan Statistical Area)",159287,157139,8,7,100.0,844,3494,9,143,74,618,642,2680,172,33,5662101
167,27140,"Jackson, MS (Metropolitan Statistical Area)",597287,440732,37,9,196.2727,1807,11556,64,142,772,829,2741,7709,1106,108,25444444
168,27180,"Jackson, TN (Metropolitan Statistical Area)",179448,178937,24,25,400.0,1129,5028,9,70,137,913,1262,3502,264,23,7571802
169,27260,"Jacksonville, FL (Metropolitan Statistical Area)",1473678,1473678,70,39,500.0,7058,42653,125,697,1681,4555,8196,30834,3623,118,73721903
170,27340,"Jacksonville, NC (Metropolitan Statistical Area)",187417,187723,9,8,85.1658,442,4605,15,60,67,299,1153,3264,189,25,8155742
171,27500,"Janesville-Beloit, WI (Metropolitan Statistical Area)",161406,161430,8,9,100.0,370,3570,3,57,90,220,558,2885,127,22,7013004
172,27620,"Jefferson City, MO (Metropolitan Statistical Area)",150961,150961,14,15,385.5678,445,2859,7,33,60,345,604,2098,157,8,6682191
173,27740,"Johnson City, TN (Metropolitan Statistical Area)",201350,200977,12,13,300.0,657,4952,5,48,68,535,935,3725,292,22,6983073
174,27780,"Johnstown, PA (Metropolitan Statistical Area)",134652,134652,41,40,99.8482,222,1900,7,16,34,165,421,1433,46,17,4550684
175,27860,"Jonesboro, AR (Metropolitan Statistical Area)",129793,129793,16,16,194.3824,546,4672,7,92,80,367,1845,2639,188,24,4587309
176,27900,"Joplin, MO (Metropolitan Statistical Area)",177228,177228,18,19,199.1817,699,7185,7,95,100,497,1150,5420,615,52,7012417
177,27980,"Kahului-Wailuku-Lahaina, HI (Metropolitan Statistical Area)",0,0,0,0,0.0,0,0,0,0,0,0,0,0,0,0,9345639
178,28020,"Kalamazoo-Portage, MI (Metropolitan Statistical Area)",262089,262089,12,12,99.7402,1490,7726,17,293,257,923,1628,5680,418,44,12530386
179,28100,"Kankakee, IL (Metropolitan Statistical Area)",109448,96531,12,8,100.0,296,2332,11,29,98,158,509,1729,93,31,4370611
180,28140,"Kansas City, MO-KS (Metropolitan Statistical Area)",2101110,1941172,137,145,1336.4342,11647,53228,167,968,2515,7997,9858,35922,7447,333,120240081
181,28420,"Kennewick-Richland, WA (Metropolitan Statistical Area)",285194,285194,8,8,200.0,552,6210,4,99,91,358,1071,4611,528,71,13935315
182,28660,"Killeen-Temple, TX (Metropolitan Statistical Area)",434470,431420,21,19,271.3549,1675,10519,29,245,406,995,2464,7332,722,81,16832544
183,28700,"Kingsport-Bristol, TN-VA (Metropolitan Statistical Area)",234591,234964,17,19,300.0,1007,5780,6,100,109,792,1080,4194,506,44,12034269
184,28740,"Kingston, NY (Metropolitan Statistical Area)",178502,178502,24,17,100.0,293,2344,4,73,36,180,394,1885,65,5,6237082
185,28940,"Knoxville, TN (Metropolitan Statistical Area)",843138,843138,45,49,800.0,3892,24017,36,304,612,2938,5023,16990,2002,100,38764087
186,29020,"Kokomo, IN (Metropolitan Statistical Area)",82350,81251,4,3,100.0,519,2046,6,36,92,385,587,1350,109,5,5253267
187,29100,"La Crosse-Onalaska, WI-MN (Metropolitan Statistical Area)",137403,137403,14,14,200.0,187,3383,1,42,23,121,484,2807,92,7,6994020
188,29180,"Lafayette, LA (Metropolitan Statistical Area)",493128,480684,19,20,498.7959,1823,14369,46,58,351,1368,3304,10058,1007,30,21384228
189,29200,"Lafayette-West Lafayette, IN (Metropolitan Statistical Area)",224686,188651,15,9,325.0,494,4404,3,66,127,298,898,3255,251,17,9726852
190,29340,"Lake Charles, LA (Metropolitan Statistical Area)",206047,206047,9,9,200.0,1359,8790,14,103,192,1050,3138,5100,552,8,16307257
191,29420,"Lake Havasu City-Kingman, AZ (Metropolitan Statistical Area)",206065,201231,5,4,100.0,483,6262,19,71,60,333,1571,4249,442,49,5068013
192,29460,"Lakeland-Winter Haven, FL (Metropolitan Statistical Area)",661218,661218,23,15,100.0,2199,15567,26,258,350,1565,3214,11201,1152,35,22483500
193,29540,"Lancaster, PA (Metropolitan Statistical Area)",538390,538376,48,48,100.0,948,7406,8,181,270,489,1028,6139,239,46,26442386
194,29620,"Lansing-East Lansing, MI (Metropolitan Statistical Area)",541964,541330,42,45,400.0,2396,9615,17,520,367,1492,2000,6870,745,58,22245567
195,29700,"Laredo, TX (Metropolitan Statistical Area)",272746,272746,7,6,100.0,986,8188,12,153,165,656,1116,6837,235,54,12408193
196,29740,"Las Cruces, NM (Metropolitan Statistical Area)",214233,214233,7,7,95.6841,590,6468,12,102,70,407,1323,4728,417,7,6757266
197,29820,"Las Vegas-Henderson-Paradise, NV (Metropolitan Statistical Area)",2155946,2155946,13,11,100.0,16614,58708,194,1420,5781,9219,15517,32325,10865,298,107622947
198,29940,"Lawrence, KS (Metropolitan Statistical Area)",118832,0,5,1,100.0,5,216,0,3,1,1,27,184,5,0,4458646
199,30020,"Lawton, OK (Metropolitan Statistical Area)",129814,128649,9,8,200.0,816,4130,4,78,112,622,1305,2558,267,18,4603585
200,30140,"Lebanon, PA (Metropolitan Statistical Area)",137357,131736,26,22,100.0,203,1948,3,13,36,151,309,1550,89,12,5659207
201,30300,"Lewiston, ID-WA (Metropolitan Statistical Area)",62714,62714,5,5,200.0,95,2189,1,25,6,63,507,1562,120,4,2572398
202,30340,"Lewiston-Auburn, ME (Metropolitan Statistical Area)",107279,107279,12,11,100.0,147,1830,0,37,30,80,310,1440,80,9,4266879
203,30460,"Lexington-Fayette, KY (Metropolitan Statistical Area)",505677,505664,36,22,600.0,1455,18583,31,324,674,425,3600,13495,1487,61,26119661
204,30620,"Lima, OH (Metropolitan Statistical Area)",107201,100470,12,9,97.5205,404,3659,8,55,141,199,894,2605,160,26,7558930
205,30700,"Lincoln, NE (Metropolitan Statistical Area)",327353,325243,8,7,200.0,1053,9204,10,244,192,607,1345,7479,380,62,17241299
206,30780,"Little Rock-North Little Rock-Conway, AR (Metropolitan Statistical Area)",736917,737086,34,37,600.0,5619,31536,74,451,1009,4085,5675,23056,2805,118,34574410
207,30860,"Logan, UT-ID (Metropolitan Statistical Area)",135889,135889,7,7,200.0,95,1500,2,37,8,47,245,1170,85,10,5116465
208,30980,"Longview, TX (Metropolitan Statistical Area)",284963,283314,19,20,396.8798,1142,7858,24,128,183,807,1920,5376,562,47,16077049
209,31020,"Longview, WA (Metropolitan Statistical Area)",104173,104085,6,6,100.0,280,3455,2,69,58,151,714,2380,361,33,4511489
210,31080,"Los Angeles-Long Beach-Anaheim, CA (Metropolitan Statistical Area)",13350144,13350144,154,143,199.8918,63647,318559,679,4969,22288,35711,58004,204522,56034,2633,941038802
211,31140,"Louisville/Jefferson County, KY-IN (Metropolitan Statistical Area)",1252806,1182307,68,54,983.3679,5716,42440,143,414,1797,3362,8115,28653,5671,52,64057714
212,31180,"Lubbock, TX (Metropolitan Statistical Area)",313567,310363,17,14,300.0,2894,14118,9,200,488,2197,2984,9980,1154,52,13112202
213,31340,"Lynchburg, VA (Metropolitan Statistical Area)",124899,124899,9,9,300.0,114,1201,3,36,12,63,172,969,59,9,9480776
214,31420,"Macon-Bibb County, GA (Metropolitan Statistical Area)",229434,228440,19,14,492.7294,874,9481,17,61,279,517,2292,6471,718,161,10440121
215,31460,"Madera, CA (Metropolitan Statistical Area)",154726,154726,6,5,100.0,1024,3705,7,51,124,842,978,2155,572,17,7099931
216,31540,"Madison, WI (Metropolitan Statistical Area)",647666,640108,44,48,398.9048,1310,12274,13,203,311,783,1722,9968,584,29,46528410
217,31700,"Manchester-Nashua, NH (Metropolitan Statistical Area)",408233,402898,31,25,100.0,1105,6185,5,168,249,683,846,5051,288,53,25514840
218,31740,"Manhattan, KS (Metropolitan Statistical Area)",136325,136325,11,11,296.1921,474,2217,2,77,33,360,358,1739,119,21,6265149
219,31860,"Mankato, MN (Metropolitan Statistical Area)",99475,99481,11,12,200.0,153,1878,2,37,26,88,368,1432,78,9,5476181
220,31900,"Mansfield, OH (Metropolitan Statistical Area)",121924,120157,9,8,99.8732,303,4453,6,95,73,129,1210,3095,149,31,4395247
221,32580,"McAllen-Edinburg-Mission, TX (Metropolitan Statistical Area)",853003,847000,25,22,99.464,2504,24131,22,416,444,1622,3940,19096,1095,128,21017756
222,32780,"Medford, OR (Metropolitan Statistical Area)",215751,215751,11,11,100.0,754,9204,5,74,148,527,1031,7518,655,74,8219635
223,32820,"Memphis, TN-MS-AR (Metropolitan Statistical Area)",1338868,1310793,45,42,698.7147,14593,51588,253,757,3619,9965,12440,34983,4164,454,67979152
224,32900,"Merced, CA (Metropolitan Statistical Area)",268999,268999,13,11,100.0,1488,7658,6,79,238,1165,1830,4395,1433,117,9435667
225,33100,"Miami-Fort Lauderdale-Pompano Beach, FL (Metropolitan Statistical Area)",6113688,6113688,146,120,300.0,29633,195830,352,1857,9272,18152,28318,149990,17522,419,315028205
226,33140,"Michigan City-La Porte, IN (Metropolitan Statistical Area)",110541,107359,9,7,95.1763,325,2862,2,34,77,211,615,2055,191,13,3940402
227,33220,"Midland, MI (Metropolitan Statistical Area)",83743,83588,4,4,100.0,107,887,1,44,6,56,203,654,30,9,4917510
228,33260,"Midland, TX (Metropolitan Statistical Area)",169634,171699,5,6,200.0,511,4285,3,29,102,377,777,3222,286,11,36584486
229,33340,"Milwaukee-Waukesha, WI (Metropolitan Statistical Area)",1577130,1577025,59,60,400.0,10347,42877,156,639,3659,5893,8075,27566,7236,346,92577227
230,33460,"Minneapolis-St. Paul-Bloomington, MN-WI (Metropolitan Statistical Area)",3532201,3533500,123,132,1500.0,10192,82101,77,1524,3374,5217,12576,62791,6734,379,237182927
231,33540,"Missoula, MT (Metropolitan Statistical Area)",115226,115226,3,3,100.0,478,4099,0,82,64,332,505,3367,227,19,5004429
232,33660,"Mobile, AL (Metropolitan Statistical Area)",431425,431425,18,18,198.6954,2475,16888,63,141,606,1665,4060,11411,1417,96,18682196
233,33700,"Modesto, CA (Metropolitan Statistical Area)",539425,539425,16,13,100.0,3366,17918,34,199,835,2298,3303,11119,3496,111,23160773
234,33740,"Monroe, LA (Metropolitan Statistical Area)",205142,198962,13,11,272.9015,2258,9975,21,68,350,1819,2668,6818,490,23,8506698
235,33780,"Monroe, MI (Metropolitan Statistical Area)",146962,145025,8,8,98.7433,372,2143,6,122,35,209,497,1500,146,31,5644944
236,33860,"Montgomery, AL (Metropolitan Statistical Area)",374325,370158,26,15,392.9308,1741,13117,44,135,527,1035,3212,8722,1183,77,16224266
237,34060,"Morgantown, WV (Metropolitan Statistical Area)",138954,122777,24,12,200.0,325,1693,3,63,27,232,411,1190,92,7,6870622
238,34100,"Morristown, TN (Metropolitan Statistical Area)",140007,140007,15,16,300.0,475,3019,3,27,38,407,652,2109,258,18,4694257
239,34580,"Mount Vernon-Anacortes, WA (Metropolitan Statistical Area)",123317,123317,6,6,100.0,228,4362,6,36,54,132,841,3213,308,7,7469437
240,34620,"Muncie, IN (Metropolitan Statistical Area)",116442,116442,4,4,100.0,304,3428,9,37,99,159,650,2532,246,4,3872532
241,34740,"Muskegon, MI (Metropolitan Statistical Area)",172890,172890,11,11,100.0,756,5217,7,146,142,461,816,4152,249,33,6004546
242,34820,"Myrtle Beach-Conway-North Myrtle Beach, SC-NC (Metropolitan Statistical Area)",444122,433572,32,24,176.0537,2041,16240,32,328,341,1341,2891,12001,1348,83,14853910
243,34900,"Napa, CA (Metropolitan Statistical Area)",142635,142635,10,9,100.0,598,2524,1,62,72,463,655,1647,222,11,9999759
244,34940,"Naples-Marco Island, FL (Metropolitan Statistical Area)",365390,365390,13,7,100.0,962,4496,10,70,169,713,807,3443,246,17,15760299
245,34980,"Nashville-Davidson--Murfreesboro--Franklin, TN (Metropolitan Statistical Area)",1838709,1838709,73,75,1300.0,11719,46297,112,875,2450,8279,8285,34951,3061,184,117842189
246,35100,"New Bern, NC (Metropolitan Statistical Area)",126088,114772,17,7,297.6801,278,2663,3,21,64,190,770,1780,113,13,4806866
247,35300,"New Haven-Milford, CT (Metropolitan Statistical Area)",804612,804612,25,24,100.0,2609,20394,30,192,888,1499,3274,14674,2446,68,48060270
248,35380,"New Orleans-Metairie, LA (Metropolitan Statistical Area)",1272995,1269654,26,24,800.0,7091,38054,240,712,2059,4080,5933,28469,3652,163,73933798
249,35620,"New York-Newark-Jersey City, NY-NJ-PA (Metropolitan Statistical Area)",19508592,19505160,588,496,2097.7326,70191,264177,647,3717,24137,41689,32273,214142,17753,567,1532017523
250,35660,"Niles, MI (Metropolitan Statistical Area)",154140,154139,20,20,100.0,699,3605,11,151,103,434,769,2642,194,28,6877563
251,35840,"North Port-Sarasota-Bradenton, FL (Metropolitan Statistical Area)",784372,784372,33,21,200.0,2678,15870,32,241,428,1977,2822,12238,810,33,30413623
252,35980,"Norwich-New London, CT (Metropolitan Statistical Area)",159068,159068,9,8,99.2131,432,2834,3,48,68,312,513,2122,199,14,17084801
253,36100,"Ocala, FL (Metropolitan Statistical Area)",346358,346358,15,8,100.0,1174,7923,18,90,213,853,1926,5384,613,20,9237866
254,36140,"Ocean City, NJ (Metropolitan Statistical Area)",93755,93755,17,16,100.0,218,2834,0,25,54,138,532,2253,49,8,4852632
255,36220,"Odessa, TX (Metropolitan Statistical Area)",165908,163843,4,4,100.0,1169,6137,7,98,170,894,1157,4300,680,15,12844718
256,36260,"Ogden-Clearfield, UT (Metropolitan Statistical Area)",653748,641572,32,27,300.0,1018,14607,11,276,171,560,2494,11143,970,64,25924317
257,36420,"Oklahoma City, OK (Metropolitan Statistical Area)",1372268,1372721,60,65,699.5831,6771,42881,94,762,1432,4482,9486,28848,4547,174,79674629
258,36500,"Olympia-Lacey-Tumwater, WA (Metropolitan Statistical Area)",274020,274020,9,9,100.0,675,8082,6,77,109,483,1609,5739,734,20,12398258
259,36540,"Omaha-Council Bluffs, NE-IA (Metropolitan Statistical Area)",923710,922624,31,29,800.0,3246,25419,36,388,722,2100,3333,18003,4083,100,56192111
260,36740,"Orlando-Kissimmee-Sanford, FL (Metropolitan Statistical Area)",2445214,2431084,83,54,400.0,12275,72038,196,1222,2412,8445,16639,50171,5228,76,124180284
261,36780,"Oshkosh-Neenah, WI (Metropolitan Statistical Area)",170479,169773,8,9,100.0,281,2857,0,21,45,215,410,2313,134,5,9274302
262,36980,"Owensboro, KY (Metropolitan Statistical Area)",117893,117893,10,6,300.0,198,3294,3,60,54,79,670,2341,283,20,5223335
263,37100,"Oxnard-Thousand Oaks-Ventura, CA (Metropolitan Statistical Area)",849851,849851,21,18,100.0,2193,16415,31,269,726,1167,2910,11855,1650,113,53439240
264,37340,"Palm Bay-Melbourne-Titusville, FL (Metropolitan Statistical Area)",574187,574187,27,18,100.0,2870,14857,20,255,451,2144,3249,10454,1154,66,23437467
265,37460,"Panama City, FL (Metropolitan Statistical Area)",184588,184588,21,13,100.0,897,6567,9,87,133,668,1127,5013,427,19,7606775
266,37620,"Parkersburg-Vienna, WV (Metropolitan Statistical Area)",91681,91681,14,12,200.0,361,2429,4,47,24,286,598,1705,126,8,3408222
267,37860,"Pensacola-Ferry Pass-Brent, FL (Metropolitan Statistical Area)",484608,484608,29,17,200.0,2219,12338,25,243,396,1555,2441,9137,760,42,17969875
268,37900,"Peoria, IL (Metropolitan Statistical Area)",411260,391023,55,38,597.2293,1501,8574,15,172,363,949,1978,6232,362,114,22950197
269,37980,"Philadelphia-Camden-Wilmington, PA-NJ-DE-MD (Metropolitan Statistical Area)",6068733,6067359,363,354,1100.0,27007,131838,480,2068,9883,14576,20259,101509,10068,809,398937937
270,38060,"Phoenix-Mesa-Chandler, AZ (Metropolitan Statistical Area)",4662309,4659339,29,29,199.6501,19317,132697,248,2128,5216,11725,25605,93731,13360,568,227726631
271,38220,"Pine Bluff, AR (Metropolitan Statistical Area)",92403,92403,9,9,300.0,840,3600,10,60,139,631,1343,1947,310,72,3348034
272,38300,"Pittsburgh, PA (Metropolitan Statistical Area)",2344884,2331546,334,321,698.7694,6724,40321,124,531,1905,4163,6869,31392,2061,438,138451781
273,38340,"Pittsfield, MA (Metropolitan Statistical Area)",126594,115458,24,14,99.3194,617,2141,3,80,50,484,649,1424,68,12,6659360
274,38540,"Pocatello, ID (Metropolitan Statistical Area)",92070,92070,5,6,200.0,252,2317,3,22,18,208,384,1777,156,11,3164389
275,38860,"Portland-South Portland, ME (Metropolitan Statistical Area)",529510,529510,51,48,300.0,712,8962,8,146,129,429,1512,7156,294,36,28249445
276,38900,"Portland-Vancouver-Hillsboro, OR-WA (Metropolitan Statistical Area)",2435532,2395430,63,65,696.0762,6808,67591,48,1219,1683,3858,8999,49059,9533,530,150083037
277,38940,"Port St. Lucie, FL (Metropolitan Statistical Area)",461932,461932,27,15,200.0,1196,8119,19,132,216,829,1523,6224,372,37,15258214
278,39100,"Poughkeepsie-Newburgh-Middletown, NY (Metropolitan Statistical Area)",669397,667373,64,46,199.83,1496,9945,15,242,347,890,1252,8418,275,44,27990041
279,39150,"Prescott Valley-Prescott, AZ (Metropolitan Statistical Area)",227945,225038,10,11,100.0,650,4280,6,49,49,546,843,3199,238,25,6481866
280,39300,"Providence-Warwick, RI-MA (Metropolitan Statistical Area)",1612295,1612295,87,72,600.0,5112,28857,40,654,1061,3358,5785,21117,1954,238,77520938
281,39340,"Provo-Orem, UT (Metropolitan Statistical Area)",597243,599314,21,21,200.0,479,10676,5,167,64,243,1256,8860,559,16,24664957
282,39380,"Pueblo, CO (Metropolitan Statistical Area)",164337,164337,3,3,100.0,1121,8805,10,178,230,703,2090,5382,1333,52,6084945
283,39460,"Punta Gorda, FL (Metropolitan Statistical Area)",176234,176234,12,6,100.0,391,2671,5,35,20,331,432,2127,112,5,4670656
284,39540,"Racine, WI (Metropolitan Statistical Area)",194692,194692,6,6,100.0,427,3748,8,29,148,242,875,2715,158,13,8450197
285,39580,"Raleigh-Cary, NC (Metropolitan Statistical Area)",1305886,837855,46,31,296.7777,1092,13024,18,102,298,674,3132,9299,593,48,76147422
286,39660,"Rapid City, SD (Metropolitan Statistical Area)",137237,137237,7,8,199.8733,729,3776,5,158,88,478,629,2843,304,7,5848886
287,39740,"Reading, PA (Metropolitan Statistical Area)",414715,414729,47,48,100.0,1129,6781,17,110,299,703,1415,5016,350,44,18443415
288,39820,"Redding, CA (Metropolitan Statistical Area)",178755,178755,8,6,100.0,1333,5561,12,150,172,999,1217,3472,872,37,7655080
289,39900,"Reno, NV (Metropolitan Statistical Area)",457558,457558,8,8,200.0,2332,11506,14,190,490,1638,1894,7818,1793,32,24461810
290,40060,"Richmond, VA (Metropolitan Statistical Area)",1115889,1115889,35,33,1200.0,2720,25995,94,290,963,1373,3983,19906,2104,148,56665864
291,40140,"Riverside-San Bernardino-Ontario, CA (Metropolitan Statistical Area)",4509084,4509084,81,68,200.0,17916,120270,228,1203,5186,11299,26204,70799,23267,601,164890059
292,40220,"Roanoke, VA (Metropolitan Statistical Area)",194328,194328,11,11,400.0,551,5206,15,72,124,340,560,4359,287,38,8484782
293,40340,"Rochester, MN (Metropolitan Statistical Area)",215760,214994,15,15,400.0,296,3138,0,91,53,152,526,2418,194,8,12684204
294,40380,"Rochester, NY (Metropolitan Statistical Area)",1075149,1071123,78,45,600.0,2990,21219,51,458,905,1576,3532,16584,1102,135,56812848
295,40420,"Rockford, IL (Metropolitan Statistical Area)",337325,333813,19,15,200.0,2946,8721,31,236,604,2074,2067,6065,588,112,14787779
296,40580,"Rocky Mount, NC (Metropolitan Statistical Area)",147780,138293,17,8,199.3082,634,3447,12,31,148,443,1062,2230,155,21,9004317
297,40660,"Rome, GA (Metropolitan Statistical Area)",96420,96420,6,5,100.0,316,2817,5,27,69,215,640,1989,188,20,3787411
298,40900,"Sacramento-Roseville-Folsom, CA (Metropolitan Statistical Area)",2283312,2283312,46,38,400.0,9384,54595,95,595,2742,5952,10479,35750,8366,374,128662258
299,40980,"Saginaw, MI (Metropolitan Statistical Area)",191914,191925,17,18,100.0,1166,3361,19,130,108,909,845,2365,151,40,8120484
300,41060,"St. Cloud, MN (Metropolitan Statistical Area)",201755,195241,16,19,200.0,383,4590,1,95,68,219,521,3868,201,9,9521903
301,41100,"St. George, UT (Metropolitan Statistical Area)",159745,156786,8,7,100.0,268,2700,0,78,18,172,575,1932,193,6,5347692
302,41140,"St. Joseph, MO-KS (Metropolitan Statistical Area)",121629,121673,15,16,393.4759,507,5058,10,54,108,335,910,3513,635,23,5108463
303,41180,"St. Louis, MO-IL (Metropolitan Statistical Area)",2808247,2773615,222,212,1396.0599,13846,69948,319,1072,3433,9017,12384,50589,6973,784,123621973
304,41420,"Salem, OR (Metropolitan Statistical Area)",416427,416427,19,20,200.0,953,11968,19,95,189,650,1768,8999,1201,57,16156490
305,41500,"Salinas, CA (Metropolitan Statistical Area)",434506,434506,19,18,100.0,1822,10396,56,162,506,1098,1666,6212,2518,42,25834713
306,41540,"Salisbury, MD-DE (Metropolitan Statistical Area)",401871,397778,45,42,399.6615,1619,10776,16,156,355,1092,2534,7956,285,35,22164043
307,41620,"Salt Lake City, UT (Metropolitan Statistical Area)",1192136,1189674,19,18,190.5192,4883,54809,46,842,1225,2769,7286,40489,7035,143,82415403
308,41660,"San Angelo, TX (Metropolitan Statistical Area)",122229,122229,5,5,300.0,403,5528,6,78,58,261,1092,4123,313,17,7320786
309,41700,"San Antonio-New Braunfels, TX (Metropolitan Statistical Area)",2426048,2424893,56,64,789.865,12765,99013,186,1596,2544,8439,16090,74110,8814,327,121018865
310,41740,"San Diego-Chula Vista-Carlsbad, CA (Metropolitan Statistical Area)",3317259,3317259,32,27,100.0,10959,61356,101,1088,2777,6993,10382,39955,11019,420,219361505
311,41860,"San Francisco-Oakland-Berkeley, CA (Metropolitan Statistical Area)",4688840,4688840,105,90,500.0,22400,156988,239,1589,10467,10105,21502,107276,28210,927,496588491
312,41940,"San Jose-Sunnyvale-Santa Clara, CA (Metropolitan Statistical Area)",1991233,1991233,33,28,200.0,5578,43340,58,658,1645,3217,7661,25613,10066,254,319021383
313,42020,"San Luis Obispo-Paso Robles, CA (Metropolitan Statistical Area)",281827,281827,17,15,100.0,1115,6687,4,102,88,921,1199,4987,501,59,16536404
314,42100,"Santa Cruz-Watsonville, CA (Metropolitan Statistical Area)",274494,274494,10,9,100.0,1101,9485,5,120,209,767,1221,6810,1454,38,13765700
315,42140,"Santa Fe, NM (Metropolitan Statistical Area)",145637,148925,5,5,100.0,568,4216,2,45,107,414,1628,2305,284,18,5825345
316,42200,"Santa Maria-Santa Barbara, CA (Metropolitan Statistical Area)",445908,445908,16,13,100.0,1527,9779,13,244,325,945,1868,6691,1220,49,27855958
317,42220,"Santa Rosa-Petaluma, CA (Metropolitan Statistical Area)",502249,502249,18,17,100.0,1868,7794,10,282,236,1340,1529,5380,885,54,28565621
318,42340,"Savannah, GA (Metropolitan Statistical Area)",385219,385219,27,19,300.0,1607,11967,53,79,600,875,2563,8275,1129,17,19446396
319,42540,"Scranton--Wilkes-Barre, PA (Metropolitan Statistical Area)",555447,546891,108,98,300.0,1363,9418,18,150,316,879,1675,7372,371,108,26117207
320,42660,"Seattle-Tacoma-Bellevue, WA (Metropolitan Statistical Area)",3808184,3808184,77,81,299.9979,13413,147449,99,1537,4131,7646,27505,98865,21079,603,355748155
321,42680,"Sebastian-Vero Beach, FL (Metropolitan Statistical Area)",150236,150236,15,9,100.0,345,2776,4,21,43,277,574,2044,158,3,5346831
322,42700,"Sebring-Avon Park, FL (Metropolitan Statistical Area)",99857,99857,14,7,100.0,327,2667,7,27,49,244,674,1873,120,11,2538660
323,43100,"Sheboygan, WI (Metropolitan Statistical Area)",115401,115401,7,7,99.6971,180,1650,2,29,13,136,166,1420,64,7,6700198
324,43300,"Sherman-Denison, TX (Metropolitan Statistical Area)",126006,123921,14,12,98.6846,339,2460,5,50,39,245,581,1665,214,6,4691343
325,43340,"Shreveport-Bossier City, LA (Metropolitan Statistical Area)",403131,403131,14,15,300.0,2748,16157,50,203,613,1882,3469,11575,1113,73,22885201
326,43420,"Sierra Vista-Douglas, AZ (Metropolitan Statistical Area)",125652,112636,8,4,100.0,393,2547,5,27,28,333,420,1986,141,7,4404134
327,43580,"Sioux City, IA-NE-SD (Metropolitan Statistical Area)",144633,141559,15,13,399.6751,487,4250,2,54,63,368,737,3115,398,15,7639926
328,43620,"Sioux Falls, SD (Metropolitan Statistical Area)",255720,256120,12,14,389.4047,1003,6475,10,155,124,714,1161,4628,685,49,17308018
329,43780,"South Bend-Mishawaka, IN-MI (Metropolitan Statistical Area)",319741,313265,13,11,199.5953,1462,9644,16,172,489,786,2213,6524,907,62,13576001
330,43900,"Spartanburg, SC (Metropolitan Statistical Area)",293211,300454,21,21,100.0,1375,8895,18,122,269,966,1763,6350,782,36,13481467
331,44060,"Spokane-Spokane Valley, WA (Metropolitan Statistical Area)",540751,540478,12,11,200.0,1837,27266,18,320,410,1089,4936,19378,2952,65,24586449
332,44100,"Springfield, IL (Metropolitan Statistical Area)",210100,206003,36,26,199.7374,1549,6352,8,147,276,1118,1579,4455,319,58,10859925
333,44140,"Springfield, MA (Metropolitan Statistical Area)",701095,679188,84,54,299.2027,3590,15124,23,362,792,2413,3525,10470,1129,110,30644112
334,44180,"Springfield, MO (Metropolitan Statistical Area)",459709,459709,32,35,499.4667,2775,19491,12,376,461,1926,3290,14147,2054,88,18040845
335,44220,"Springfield, OH (Metropolitan Statistical Area)",135331,127767,9,5,99.3028,465,5273,5,44,193,222,1272,3673,328,62,4414081
336,44300,"State College, PA (Metropolitan Statistical Area)",161409,161409,13,13,100.0,154,1718,2,65,19,68,236,1453,29,21,7929168
337,44420,"Staunton, VA (Metropolitan Statistical Area)",0,0,0,0,0.0,0,0,0,0,0,0,0,0,0,0,4902654
338,44700,"Stockton, CA (Metropolitan Statistical Area)",729104,729104,15,10,100.0,6005,22629,62,220,1624,4099,4239,14848,3542,132,29257580
339,44940,"Sumter, SC (Metropolitan Statistical Area)",141282,141282,16,14,200.0,769,4575,5,43,88,633,1285,3008,282,28,4324713
340,45060,"Syracuse, NY (Metropolitan Statistical Area)",655589,655589,52,34,300.0,1803,12678,35,336,431,1000,2284,9775,617,86,36730511
341,45220,"Tallahassee, FL (Metropolitan Statistical Area)",380448,372688,65,32,400.0,2373,15347,17,282,476,1598,3279,10734,1334,25,16284867
342,45300,"Tampa-St. Petersburg-Clearwater, FL (Metropolitan Statistical Area)",3020266,3020266,82,57,400.0,10294,70491,118,987,2283,6906,11898,53215,5378,316,141901750
343,45460,"Terre Haute, IN (Metropolitan Statistical Area)",187204,126910,16,10,500.0,249,4510,6,43,109,91,971,3045,494,85,7132107
344,45500,"Texarkana, TX-AR (Metropolitan Statistical Area)",149537,149537,11,11,300.0,670,4980,11,86,87,486,1104,3527,349,21,5182313
345,45540,"The Villages, FL (Metropolitan Statistical Area)",124785,124785,13,7,100.0,292,1093,1,25,12,254,277,763,53,1,2484841
346,45780,"Toledo, OH (Metropolitan Statistical Area)",644059,596153,52,41,390.6175,3728,17179,44,439,886,2359,4379,11834,966,182,34820513
347,45820,"Topeka, KS (Metropolitan Statistical Area)",232459,228613,40,33,481.1335,915,8956,21,79,252,564,1513,6459,983,78,10065253
348,45940,"Trenton-Princeton, NJ (Metropolitan Statistical Area)",370221,370221,19,17,100.0,1492,6600,26,107,588,771,1590,4469,541,30,28459499
349,46060,"Tucson, AZ (Metropolitan Statistical Area)",1017936,1017936,9,9,99.4374,5056,43233,49,582,1433,2993,6079,34458,2696,196,40011352
350,46140,"Tulsa, OK (Metropolitan Statistical Area)",984617,984554,51,65,699.8916,5849,35959,93,687,1248,3822,8814,22305,4839,241,53488424
351,46220,"Tuscaloosa, AL (Metropolitan Statistical Area)",249591,249652,19,20,366.82599999999996,939,6860,18,92,234,594,1634,4797,427,30,9949217
352,46300,"Twin Falls, ID (Metropolitan Statistical Area)",106928,106928,7,7,200.0,278,1781,5,46,18,208,458,1168,155,10,4682659
353,46340,"Tyler, TX (Metropolitan Statistical Area)",224775,222923,11,10,100.0,731,6476,7,84,151,489,1459,4588,429,20,10179462
354,46520,"Urban Honolulu, HI (Metropolitan Statistical Area)",995572,995572,2,1,100.0,2366,30192,16,364,827,1159,3724,22277,4191,263,61095819
355,46540,"Utica-Rome, NY (Metropolitan Statistical Area)",293045,290308,38,25,200.0,779,5508,4,189,152,434,1005,4329,174,15,11892146
356,46660,"Valdosta, GA (Metropolitan Statistical Area)",142939,142650,13,12,399.0697,457,4696,7,30,95,325,1022,3426,248,16,5053868
357,46700,"Vallejo, CA (Metropolitan Statistical Area)",437638,437638,12,10,100.0,2022,11719,24,204,647,1147,3397,6158,2164,121,23303994
358,47020,"Victoria, TX (Metropolitan Statistical Area)",100823,100823,3,3,200.0,395,2911,5,78,68,244,715,2062,134,12,5072117
359,47220,"Vineland-Bridgeton, NJ (Metropolitan Statistical Area)",154814,154814,7,6,100.0,806,5651,11,64,335,396,1335,4133,183,18,6051881
360,47260,"Virginia Beach-Norfolk-Newport News, VA-NC (Metropolitan Statistical Area)",1565966,1554720,44,33,1200.0,5832,45686,154,604,1748,3326,6203,36481,3000,209,10684787
361,47300,"Visalia, CA (Metropolitan Statistical Area)",460141,460141,14,12,100.0,1608,11563,33,135,329,1111,2674,6781,2108,28,18415098
362,47380,"Waco, TX (Metropolitan Statistical Area)",263867,258375,21,17,199.1315,1105,7222,7,207,185,706,1556,5369,298,26,12745793
363,47460,"Walla Walla, WA (Metropolitan Statistical Area)",60861,60861,3,3,100.0,159,1919,2,36,20,101,345,1416,158,18,3068776
364,47580,"Warner Robins, GA (Metropolitan Statistical Area)",178297,178297,10,10,200.0,792,6408,9,45,180,558,1232,4821,355,13,6978221
365,47900,"Washington-Arlington-Alexandria, DC-VA-MD-WV (Metropolitan Statistical Area)",4302620,4299195,89,84,1691.2838,16703,90624,278,1608,6387,8429,9602,72643,8379,473,470809324
366,47940,"Waterloo-Cedar Falls, IA (Metropolitan Statistical Area)",170888,170888,9,9,300.0,757,3396,4,93,72,588,901,2296,199,29,8794495
367,48060,"Watertown-Fort Drum, NY (Metropolitan Statistical Area)",117080,117080,18,14,100.0,281,2083,2,92,17,170,350,1684,49,19,5910020
368,48140,"Wausau-Weston, WI (Metropolitan Statistical Area)",161756,163791,13,15,200.0,239,2247,3,61,29,146,372,1795,80,3,9108153
369,48260,"Weirton-Steubenville, WV-OH (Metropolitan Statistical Area)",119934,105539,37,25,287.3403,171,1791,2,20,38,110,297,1442,51,18,6002477
370,48300,"Wenatchee, WA (Metropolitan Statistical Area)",117442,117637,4,5,200.0,169,2629,1,31,18,119,502,1961,166,10,5977603
371,48540,"Wheeling, WV-OH (Metropolitan Statistical Area)",142482,130756,34,28,294.426,483,1940,4,57,37,384,491,1344,105,8,12024277
372,48620,"Wichita, KS (Metropolitan Statistical Area)",636148,634313,48,45,387.934,4598,25801,43,408,684,3462,4398,18881,2523,167,32839454
373,48660,"Wichita Falls, TX (Metropolitan Statistical Area)",150165,146734,10,8,300.0,535,4495,12,134,127,262,1022,3141,332,4,6074200
374,48700,"Williamsport, PA (Metropolitan Statistical Area)",115682,115682,16,16,100.0,238,1753,7,32,58,141,248,1453,52,2,6530249
375,48900,"Wilmington, NC (Metropolitan Statistical Area)",283001,280165,18,9,200.0,1019,8253,17,81,267,654,2074,5762,417,35,13438601
376,49020,"Winchester, VA-WV (Metropolitan Statistical Area)",23093,22730,7,5,61.5578,39,120,0,5,0,34,42,71,7,0,5970888
377,49180,"Winston-Salem, NC (Metropolitan Statistical Area)",657908,660323,31,20,490.5147,2715,21055,36,151,571,1957,5850,14085,1120,116,29533676
378,49340,"Worcester, MA-CT (Metropolitan Statistical Area)",861261,815877,78,64,200.0,3453,13165,12,287,585,2569,2822,9427,916,51,45393493
379,49420,"Yakima, WA (Metropolitan Statistical Area)",250717,250717,14,14,100.0,756,9077,21,85,187,463,2063,5794,1220,51,9883248
380,49620,"York-Hanover, PA (Metropolitan Statistical Area)",443062,443062,29,29,100.0,1037,7014,19,107,307,604,944,5664,406,33,18675558
381,49660,"Youngstown-Warren-Boardman, OH-PA (Metropolitan Statistical Area)",545004,504602,66,62,293.0743,1261,11664,27,144,366,725,2911,8133,620,167,20086004
382,49700,"Yuba City, CA (Metropolitan Statistical Area)",170558,170558,10,9,200.0,678,4635,13,50,137,478,1097,2800,738,36,6506348
383,49740,"Yuma, AZ (Metropolitan Statistical Area)",206201,206201,6,5,100.0,599,3821,9,67,69,454,965,2452,404,36,7874389
